,name,category
0,치킨플러스-서교점,치킨
1,디디치킨-연세대점,치킨
2,페리카나-홍익대점,치킨
3,네네치킨-서교점,치킨
4,훌랄라치킨-홍대1점,치킨
5,롯데리아-홍대점,치킨
6,KFC-홍익대점,치킨
7,컬투치킨-창전사랑점,치킨
8,BHC-창전서강점,치킨
9,처갓집양념치킨-홍대점,치킨
10,순살킹-연세대점,치킨
11,멕시카나-북아현점,치킨
12,뉴욕버거앤치킨-홍대점,치킨
13,행복한찜닭-이대본점,치킨
14,호식이두마리치킨-성산1호점,치킨
15,후라이드참잘하는집-서강대점,치킨
16,맘스터치피자앤치킨-연대점,치킨
17,지코바치킨-신촌점,치킨
18,베이직프라이드치킨-신촌직영점,치킨
19,푸라닭-신수점,치킨
20,굽네치킨&피자-서강점,치킨
21,청년치킨-서교점,치킨
22,굽네치킨&피자-신촌점,치킨
23,가마로강정-광흥창점,치킨
24,굽네치킨&피자-이대역점,치킨
25,교촌치킨-홍대점,치킨
26,치킨플러스-서교점,치킨
27,지코바치킨-홍대점,치킨
28,이나닭강정-신촌점,치킨
29,굽네치킨&피자-서교점,치킨
30,굽네치킨&피자-성산2동점,치킨
31,굽네치킨&피자-연남점,치킨
32,마깐마포깐풍기-신촌본점,치킨
33,베이직프라이드치킨-망원직영점,치킨
34,컬투치킨-연남사랑점,치킨
35,수준이다른치킨-마포신촌점,치킨
36,맥시칸치킨-연희점,치킨
37,숯미남숯불치킨에미친남자,치킨
38,순살만공격-마포신촌점,치킨
39,바른치킨-서강대점,치킨
40,디디치킨-연세대점,치킨
41,지코바치킨-서울성산1호점,치킨
42,쌀통에퐁닭,치킨
43,자담치킨-신촌점,치킨
44,티바두마리치킨-신수서강대점,치킨
45,페리카나-홍익대점,치킨
46,네네치킨-서교점,치킨
47,동근이숯불두마리치킨-망원점,치킨
48,훌랄라치킨-홍대1점,치킨
49,푸라닭-합정점,치킨
50,멕시칸치킨-연남점,치킨
51,파스타입니다-마포점,치킨
52,롯데리아-홍대점,치킨
53,롯데리아-신촌로터리점,치킨
54,KFC-홍익대점,치킨
55,처갓집양념치킨-염리점,치킨
56,네오치킨&떡볶이,치킨
57,전국3대치킨오성통닭-마포신촌점,치킨
58,살로만치킨-연남점,치킨
59,페리카나-합정동점,치킨
60,컬투치킨-합정사랑점,치킨
61,컬투치킨-창전사랑점,치킨
62,BHC-창전서강점,치킨
63,신미경홍대닭갈비3,치킨
64,위드치킨-신수점,치킨
65,꼬꼬순이,치킨
66,처갓집양념치킨-홍대점,치킨
67,빨강꼬치빨강치킨,치킨
68,디디치킨-아현점,치킨
69,순살킹-연세대점,치킨
70,치르메스치킨-신촌점,치킨
71,델리인디아,치킨
72,순살킹-아현점,치킨
73,네네앤봉구스-이대역점,치킨
74,자담치킨-서울홍대점,치킨
75,잉치킨-신촌점,치킨
76,신미불닭발-서울본점,치킨
77,푸라닭-연희점,치킨
78,치킨히어로-대흥점,치킨
79,더블플레이치킨-홍대점,치킨
80,림스치킨,치킨
81,네네치킨-이대역점,치킨
82,순살몬스터-신수마을점,치킨
83,피자나라치킨공주-신촌점,치킨
84,아라치-홍대점,치킨
85,옆집떡볶이-홍대1호점,치킨
86,썬더치킨-신촌점,치킨
87,마포통닭,치킨
88,롯데리아-대흥역점,치킨
89,피자피오,치킨
90,찌니네마약통닭-염리점,치킨
91,누구나홀딱반한닭-망원역점,치킨
92,치킨매니아-상수역점,치킨
93,넘버원치킨,치킨
94,펀비어킹-신촌유플렉스점,치킨
95,닥엔돈스직화바베큐치킨-마포성산점,치킨
96,치킨뱅이-홍대점,치킨
97,아라치-신촌점,치킨
98,멕시카나-북아현점,치킨
99,킹케밥-홍대점,치킨
100,뉴욕버거앤치킨-홍대점,치킨
101,치킨을사랑한떡볶이-이대점,치킨
102,치킨에떡볶이는못참지로제떡볶이-마포본점,치킨
103,돈치킨-성산가좌점,치킨
104,호치킨-마포도화점,치킨
105,롯데리아-이대점,치킨
106,행복한찜닭-이대본점,치킨
107,파스타어때-마포신촌본점,치킨
108,에디슨치킨-용강점,치킨
109,롯데리아-창천점,치킨
110,미친피자-홍대본점,치킨
111,호식이두마리치킨-성산1호점,치킨
112,피자나라치킨공주-마포1호점,치킨
113,곱깨비-연남본점,치킨
114,걸작떡볶이치킨-서울신촌점,치킨
115,명품임실치즈피자-마포점,치킨
116,명품임실치즈피자-신촌점,치킨
117,펭귄냉면-신촌점,치킨
118,슈츄안꼬치훠궈사골마라탕-본점,치킨
119,신촌마약떡볶이,치킨
120,곱깨비직화삼겹-가좌점,치킨
121,곱깨비직화불닭치킨-홍대입구점,치킨
122,킹케밥,치킨
123,곱깨비찜닭-서교점,치킨
124,곱깨비불맛오돌뼈-동교점,치킨
125,계림원누릉지통닭구이-합정역점,치킨
126,추닭집옛날통닭-남가좌점,치킨
127,자이온보트,치킨
128,BBQ-홍대로데오점,치킨
129,새벽집통닭,치킨
130,치킨시대-명지대점,치킨
131,치킨뱅이-광흥창점,치킨
132,처갓집양념치킨-연희점,치킨
133,걸작떡볶이치킨-서울합정점,치킨
134,네네치킨-연희점,치킨
135,치킨버스-홍대점,치킨
136,이나닭강정-명지대점,치킨
137,무궁화타운,치킨
138,피자오래-성산점,치킨
139,프랭크버거-신촌서강대점,치킨
140,보드람치킨-아현1호점,치킨
141,응암누룽지꼬꼬,치킨
142,히동이치킨-응암점,치킨
143,수퍼빌런미국식중국음식전문점,치킨
144,나들목치킨,치킨
145,걸작떡볶이치킨-서울광흥창점,치킨
146,동경닭강정-본점,치킨
147,마미치킨,치킨
148,미쳐버린파닭-신촌점,치킨
149,처갓집양념치킨-신촌점,치킨
150,돈치킨-원효로점,치킨
151,통통닭전기구이통닭-홍대점,치킨
152,둘둘치킨-서대문역점,치킨
153,꾸브라꼬숯불두마리치킨-서교점,치킨
154,영양센타-모래내점,치킨
155,경성치킨-공덕점,치킨
156,머노까머나-신촌점,치킨
157,치킨친구,치킨
158,야망,치킨
159,핏닥FITDAK,치킨
160,망원시장큐스닭강정&치킨,치킨
161,본스치킨-대흥점,치킨
162,사러가닭강정-연희점,치킨
163,일상치킨,치킨
164,계담다,치킨
165,KFC-홍익대점(심야),치킨
166,연희닭강정,치킨
167,냠냠숯불두마리치킨-홍대서교점,치킨
168,치킨시대-증산점,치킨
169,가마솥원적외선바베큐,치킨
170,Yeti예티-홍대점,치킨
171,맘스터치-홍대점,치킨
172,호세야오리바베큐-공덕점,치킨
173,밥스바비핫도그,치킨
174,치킹맨,치킨
175,꼬꼬치킨강정,치킨
176,얼맥당-합정점,치킨
177,옥탑방부엉이Owl'sRooftop,치킨
178,삼통치킨-홍대직영점,치킨
179,봉구비어-홍대산울림점,치킨
180,봉구비어-연남동점,치킨
181,또리치킨,치킨
182,철인7호치킨-홍대점,치킨
183,치킨리그구름공방-합정점,치킨
184,형제오리날개튀김,치킨
185,별치킨,치킨
186,레트로켄터키,치킨
187,크래프트헌터,치킨
188,돈치킨-합정점,치킨
189,피자는치즈빨-연희점,치킨
190,짱닭치킨-망원점,치킨
191,멕시카나-홍대점,치킨
192,멕시칸치킨-효장중앙점,치킨
193,빠빠빠치킨,치킨
194,미친피자-홍대점,치킨
195,호식이두마리치킨-망원점,치킨
196,인도음식포탈라-홍대점,치킨
197,자담치킨-공덕점,치킨
198,치꼬뱅-공덕점,치킨
199,플라테이블,치킨
200,버텍스미국식덮밥-이대점,치킨
201,7번가피자-신촌마포점,피자/양식
202,청년피자-마포서교점,피자/양식
203,7번가피자-신촌마포점,피자/양식
204,파파존스피자-홍대점,피자/양식
205,피자헛-홍대서교점,피자/양식
206,1인피자고피자-상수직영점,피자/양식
207,피자헤븐-마포점,피자/양식
208,도미노피자-신촌점,피자/양식
209,컬투치킨-합정사랑점,피자/양식
210,비스트로피자-공덕점,피자/양식
211,파스타입니다-마포점,피자/양식
212,피자보이시나-신촌점,피자/양식
213,타코벨-신촌점,피자/양식
214,매드피자,피자/양식
215,7번가피자-신촌마포점,피자/양식
216,번쩍피자-성산가좌점,피자/양식
217,빨간모자피자-마포점,피자/양식
218,피자알볼로-마포점,피자/양식
219,써브웨이-상수역점,피자/양식
220,10평파스타&화덕피자,피자/양식
221,굽네치킨&피자-신촌점,피자/양식
222,파스토보이-마포점,피자/양식
223,비스트로피자-마포점,피자/양식
224,청년피자-마포서교점,피자/양식
225,굽네치킨&피자-성산2동점,피자/양식
226,피자마루-대흥역점,피자/양식
227,파스타리코-신촌직영점,피자/양식
228,피자피오,피자/양식
229,컬투치킨-합정사랑점,피자/양식
230,피자J,피자/양식
231,잭슨피자-연희점,피자/양식
232,1인피자고피자-신촌1호점,피자/양식
233,뉴욕피자,피자/양식
234,피자나라치킨공주-신촌점,피자/양식
235,파파존스피자-홍대점,피자/양식
236,이원재피자,피자/양식
237,피자알볼로-서교망원점,피자/양식
238,맘스터치피자앤치킨-연대점,피자/양식
239,아웃백-마포점,피자/양식
240,피자헛-홍대서교점,피자/양식
241,킹케밥-홍대점,피자/양식
242,서오릉피자-서교점,피자/양식
243,제비파스타&리조또-마포점,피자/양식
244,버거리-신촌점,피자/양식
245,베어스타코-아현공덕점,피자/양식
246,피자플렉스-마포구청점,피자/양식
247,위험한피자-마포점,피자/양식
248,켈리인더볼,피자/양식
249,72타코,피자/양식
250,1인피자고피자-상수직영점,피자/양식
251,도로시파스타연정-공덕점,피자/양식
252,도로시파스타연정-홍대점,피자/양식
253,도시피자-마포점,피자/양식
254,폼프리츠,피자/양식
255,킬러피자,피자/양식
256,미드타운피자,피자/양식
257,쿠파스테이크,피자/양식
258,피자헤븐-마포점,피자/양식
259,신촌피자랑-이대역,피자/양식
260,파스타어때-마포신촌본점,피자/양식
261,"와인&스테이크,디마로네",피자/양식
262,굽네치킨&피자-서강점,피자/양식
263,반올림피자-서교망원점,피자/양식
264,써브웨이-합정역메세나폴리스점,피자/양식
265,두마리찜닭두찜-홍대입구역점,피자/양식
266,이태리마담-신촌점,피자/양식
267,할랄가이즈-홍대점,피자/양식
268,피자헛1인분-홍대서교점,피자/양식
269,도미노피자-신촌점,피자/양식
270,백종원의빽보이피자-연남점,피자/양식
271,단샤리,피자/양식
272,믹스앤매치피자-홍대연남본점,피자/양식
273,굽네치킨&피자-이대역점,피자/양식
274,피자파는집-홍대점,피자/양식
275,미친피자-홍대본점,피자/양식
276,아노브피자-연남점,피자/양식
277,이스탄불그릴,피자/양식
278,인도야시장-신촌점,피자/양식
279,아건-이대점,피자/양식
280,스태프핫도그,피자/양식
281,아마-신촌본점,피자/양식
282,인도커리아마-홍대점,피자/양식
283,피자선생-서교점,피자/양식
284,굽네치킨&피자-서교점,피자/양식
285,뉴스보이버거펍,피자/양식
286,굽네치킨&피자-연남점,피자/양식
287,봉대박파스타앤찜닭,피자/양식
288,루나씨엘로,피자/양식
289,스테이크러프,피자/양식
290,썸띵이브플레이트,피자/양식
291,명품임실치즈피자-마포점,피자/양식
292,벨로스테이(BelloStay),피자/양식
293,와인&파스타 블랑누아,피자/양식
294,비스트로악동,피자/양식
295,비스트로보이,피자/양식
296,써브웨이-신촌로데오점,피자/양식
297,아메리칸푸드하우스,피자/양식
298,프리미엄수제버거전문점,피자/양식
299,배떡-신촌점,피자/양식
300,무국적식탁-홍대점,피자/양식
301,피자나라치킨공주-마포1호점,피자/양식
302,엘살루드브리또보울&샐러드,피자/양식
303,명품임실치즈피자-신촌점,피자/양식
304,명품임실치즈피자-공덕점,피자/양식
305,브로스버거-홍대점,피자/양식
306,리조떡파스타-마포점,피자/양식
307,마르셀-연남점,피자/양식
308,명품임실치즈피자-이대점,피자/양식
309,돈피자-합정점,피자/양식
310,써브웨이-망원역점,피자/양식
311,베이직프라이드치킨-망원직영점,피자/양식
312,프레드피자-마포구청점,피자/양식
313,써브웨이-마포점,피자/양식
314,와인을딸시간-연남점,피자/양식
315,남자피자당산,피자/양식
316,염소자리음주요리,피자/양식
317,불나방심야식당,피자/양식
318,에이셉피자-홍대점,피자/양식
319,배터진누룽지피자,피자/양식
320,그릴드300,피자/양식
321,마젠타,피자/양식
322,네이버후드미국식수제피자,피자/양식
323,명품임실치즈피자-홍대점,피자/양식
324,남자피자영등포,피자/양식
325,NAMJAPIZZA&SPAGHETTI,피자/양식
326,크로와플마침내카페-본점,피자/양식
327,피자파는집-공덕점,피자/양식
328,킹케밥,피자/양식
329,남자피자-영등포점,피자/양식
330,풀리너마이트,피자/양식
331,남자피자&스파게티,피자/양식
332,치킨에떡볶이는못참지로제떡볶이-마포본점,피자/양식
333,쁘띠몽드-마포중앙도서관점,피자/양식
334,"와인레스토랑,오아시스망원",피자/양식
335,키싸-디저트&눈꽃빙수,피자/양식
336,블랙앤잭,피자/양식
337,홍푸드&갈비찜&냉면,피자/양식
338,도우라이크피자-홍대점,피자/양식
339,화이어큐브스테이크-본점,피자/양식
340,도프피자베이커스-홍대점,피자/양식
341,자마버거-이대직영점,피자/양식
342,꽃게나라 간장게장,피자/양식
343,마라하오-신촌점,피자/양식
344,버거리-홍대점,피자/양식
345,펀비어킹-신촌유플렉스점,피자/양식
346,흠식당,피자/양식
347,허니빙스&호두사랑,피자/양식
348,우아하게,피자/양식
349,마라탕&마라샹궈전문점라장훠궈,피자/양식
350,스파게티스토리-홍대점,피자/양식
351,홍대파스타리코,피자/양식
352,피자오래-성산점,피자/양식
353,파스타입니다-DMC가재울점,피자/양식
354,골목식당필동함박-홍대점,피자/양식
355,파스타를부탁해-숙대점,피자/양식
356,웻핑거치즈스테이크,피자/양식
357,고메스테이크-서교점,피자/양식
358,뚜띠쿠치나-공덕점,피자/양식
359,잭슨피자-공덕점,피자/양식
360,스파게티스토리-서강대점,피자/양식
361,서오릉피자-가좌점,피자/양식
362,고유식탁수제함박,피자/양식
363,슬로우캘리,피자/양식
364,밀플랜비-서강대점,피자/양식
365,타코로코,피자/양식
366,리얼파스타-망원점,피자/양식
367,포메인 신촌점,피자/양식
368,반미프엉,피자/양식
369,서오릉피자-공덕점,피자/양식
370,렛츠파스타&유캔커피,피자/양식
371,머노까머나-신촌점,피자/양식
372,릴린(LILIN),피자/양식
373,다운타우너-연남점,피자/양식
374,Saap-연남점(태국음식전문점),피자/양식
375,문일리,피자/양식
376,잭슨피자-가좌점,피자/양식
377,"더키친아시아.인도커리,인도요리,인도음식",피자/양식
378,리얼파스타-증산역점,피자/양식
379,뽀빠이피자클럽-서교점,피자/양식
380,버텍스미국식덮밥-상암점,피자/양식
381,토끼정,피자/양식
382,오공일파스타,피자/양식
383,서가앤쿡-합정점,피자/양식
384,블리스버거&카페-합정점,피자/양식
385,그안파스타,피자/양식
386,뜸들이다-신촌점,피자/양식
387,닥터로빈-공덕점,피자/양식
388,옴인도레스토랑-마포공덕점,피자/양식
389,이름없는파스타-이화여대점,피자/양식
390,닥터로빈-홍대점,피자/양식
391,주인백파스타,피자/양식
392,잇파스타-망원점,피자/양식
393,백종원의롤링파스타-홍대점,피자/양식
394,자가제빵선명희피자-마포점,피자/양식
395,밀루앤라떼,피자/양식
396,웅파이-본점,피자/양식
397,툭툭누들타이,피자/양식
398,카페히얼,피자/양식
399,슬런치팩토리,피자/양식
400,슬로우캘리-공덕점,피자/양식
401,수지앤파스타,피자/양식
402,돈까스대왕전-이대점,피자/양식
403,잇번,피자/양식
404,식탁 하늬솔점,피자/양식
405,피자픽,피자/양식
406,Yeti예티-홍대점,피자/양식
407,잭슨피자-서대문점,피자/양식
408,프랭크버거-신촌서강대점,피자/양식
409,프랭크버거-연남점,피자/양식
410,상수동블루스-상수점,피자/양식
411,pizza breeze,피자/양식
412,진짜파스타-본점,피자/양식
413,KD케밥하우스,피자/양식
414,아웃백-합정점,피자/양식
415,화덕피자뚜띠쿠치나-서대문점,피자/양식
416,스파카나폴리-합정점,피자/양식
417,백종원의롤링파스타-신촌점,피자/양식
418,도화미담,피자/양식
419,스테프핫도그익스프레스-아현점,피자/양식
420,아각아각-연남점,피자/양식
421,밥스바비핫도그,피자/양식
422,돼지게티-홍대점,피자/양식
423,스푼필라프-홍대점,피자/양식
424,홈그라운드키친&펍,피자/양식
425,그집파스타,피자/양식
426,일마레219,피자/양식
427,조이버거,피자/양식
428,영떠그피자,피자/양식
429,발리인망원,피자/양식
430,"레이블,하몽과치즈,와인판매전문점",피자/양식
431,하우스델리,피자/양식
432,포메인-마포점,피자/양식
433,99스테이크파스타,피자/양식
434,풀스트릿,피자/양식
435,어메이징브루잉-홍대점,피자/양식
436,틸에프터,피자/양식
437,마이보스턴,피자/양식
438,너구리베이글,피자/양식
439,나폴리백반,피자/양식
440,감칠,피자/양식
441,가화만사성,한식
442,삼미마라탕,한식
443,손오공마라탕-서교점,한식
444,성산마라탕,한식
445,반이학생마라탕마라반-홍대점,한식
446,청운24시,한식
447,하얼빈덮밥,한식
448,마라영웅-홍대본점,한식
449,식공간-연남점,한식
450,라상객마라샹궈＆마라탕-홍대점,한식
451,홍콩반점0410-망원시장점,한식
452,라사천마라탕-마포점,한식
453,충칭호모두마라탕&마라샹궈,한식
454,소고산제일루Express,한식
455,짬뽕지존-홍대점,한식
456,라사천마라탕-동교점,한식
457,이가탕수6,한식
458,백종원의리춘시장'중화요리주점'-신촌점,한식
459,미도매운향솥,한식
460,춘리마라탕-연남동점,한식
461,세아마라탕,한식
462,중국천진만두,한식
463,마라공방-홍대점,한식
464,탕화쿵푸마라탕-홍대입구7호점,한식
465,신룽푸마라탕-홍대점,한식
466,쌍팔반점-마포공덕점,한식
467,대륙포차-마포점,한식
468,전통세아마라탕-서강대점,한식
469,사천홍칠공훠궈&마오차이,한식
470,마라전설마라탕-마포점,한식
471,마라형제-서대문점,한식
472,라화쿵부마라탕-신촌점,한식
473,신선마라탕-홍대점,한식
474,명성원-마포점,한식
475,향미-상수점,한식
476,만남양꼬치-본점,한식
477,스타양고기,한식
478,이가산시도삭면,한식
479,소림마라탕-마포점,한식
480,오리총재-신촌점,한식
481,천하튀김꼬치,한식
482,마라향기-마포점,한식
483,브라더양꼬치&마라탕-마포점,한식
484,길상식당,한식
485,배떡-신촌점,한식
486,마라하오-신촌점,한식
487,화수목,한식
488,라이라이,한식
489,마라입구-당산점,한식
490,슈츄안꼬치훠궈사골마라탕-본점,한식
491,소홍우마라탕,한식
492,이웃집사천요리점,한식
493,헬로양꼬치,한식
494,미도양꼬치,한식
495,탕수육주는육군짬뽕-당산점,한식
496,흠식당,한식
497,마포구사천식소곱창전골전문점,한식
498,마라탕&마라샹궈전문점라장훠궈,한식
499,왕양꼬치,한식
500,"뽀뽀,중국보보지밀크티",한식
501,문숙이미나리식당-홍대본점,중식
502,명도찜닭-마포점,중식
503,고돼지-신촌점,중식
504,족보잇는국밥&밀면-홍대직영점,중식
505,쫄면주는삼겹본능by놀부-마포대흥점,중식
506,롱쓰부대찌개-영등포점,중식
507,흥부찜닭by놀부-마포대흥점,중식
508,행복한찜닭-이대본점,중식
509,원할머니보쌈-홍대역점,중식
510,디디찜엔닭-아현점,중식
511,한식밥상-홍대점,중식
512,서대문김치찜&김치찌개-공덕점,중식
513,두마리찜닭두찜-홍대입구역점,중식
514,신떡-신촌점,중식
515,백순대본가새맛-연대점,중식
516,신미경홍대닭갈비3,중식
517,혼밥남녀-마포직영점,중식
518,내가찜한닭-신촌이대점,중식
519,밥풀릭스-홍대점,중식
520,고기왕창자이언트비빔밥-홍대점,중식
521,청진동해장국&감자탕-신촌점,중식
522,한촌설렁탕&도가니탕-망원역점,중식
523,엄마애밥상-본점,중식
524,혼밥대왕-홍대점,중식
525,육전면사무소 합정점,중식
526,육회어때-염리점,중식
527,한끼국밥-홍대점,중식
528,고돼지-신촌점,중식
529,혼밥대장-마포직영점,중식
530,배달육회육회한가득-마포점,중식
531,제육대가-서대문점,중식
532,개그맨이경래의참숯갈비-마포점,중식
533,한끼한상-홍대점,중식
534,옥수동묵은지김치찜since1981-마포점,중식
535,P씨네24시부엌-마포점,중식
536,육회란연어다-홍대서교점,중식
537,매운맛땡길때밥장인-홍대점,중식
538,곰식당-본점,중식
539,열정국밥-마포창전점,중식
540,김치찜에진심-직영점,중식
541,신미불닭발-서울본점,중식
542,엉터리생고기-광흥창점,중식
543,미사일부대찌개-신촌본점,중식
544,무국적식탁-홍대점,중식
545,북촌손만두-홍익대점,중식
546,춘천집닭갈비본사직영철판구이,중식
547,진심을담아내다고기장인-서교점,중식
548,곱도리탕전문점-마포점,중식
549,삼미마라탕,중식
550,청석골감자탕순대국-신촌본점,중식
551,배달우삼겹우된장-홍대점,중식
552,문숙이미나리식당-홍대본점,중식
553,신촌갈매기,중식
554,야곱의축복-신촌점,중식
555,밥은먹었어,중식
556,한끼묵은지김치찜&갈비찜-홍대점,중식
557,홍대닭갈비2,중식
558,찌개의정석,중식
559,서교동묵은지김치찜-마포점,중식
560,불도깨비쭈꾸미,중식
561,테즈쿠리벤또&라멘전문점-홍대본점,일식/돈까스
562,육회란연어다-홍대서교점,일식/돈까스
563,소노야-합정역점,일식/돈까스
564,육회바른연어-홍대점,일식/돈까스
565,어사출또-홍대점,일식/돈까스
566,홍푸드&갈비찜&냉면,일식/돈까스
567,테즈쿠리벤또&라멘전문점-홍대본점,일식/돈까스
568,연희동와쇼쿠,일식/돈까스
569,마제하루마제소바전문점,일식/돈까스
570,푸른마음횟집김배달,일식/돈까스
571,회뜨는총각-연남점,일식/돈까스
572,벚꽃스시-본점,일식/돈까스
573,육회왕자&연어공주,일식/돈까스
574,육연소,일식/돈까스
575,돈카춘-이대점,일식/돈까스
576,아비꼬-홍대1호점,일식/돈까스
577,미스터참치,일식/돈까스
578,탐나종합어시장-망원역점,일식/돈까스
579,스시앤-마포점,일식/돈까스
580,돈까스참잘하는집-망원동점,일식/돈까스
581,바다애회-홍대본점,일식/돈까스
582,오니기리와이규동-연세대후문점,일식/돈까스
583,바다나라1박2일포차,일식/돈까스
584,최우영식당-홍대점,일식/돈까스
585,카츠하루-홍대점,일식/돈까스
586,파스타입니다-마포점,일식/돈까스
587,미스터육회연어왕-마포점,일식/돈까스
588,연어상회,일식/돈까스
589,최완식참치,일식/돈까스
590,산오징어양푼무침,일식/돈까스
591,노량진수산시장벌교아줌마,일식/돈까스
592,숙성회136-마포점,일식/돈까스
593,바다생협회마니-창전점,일식/돈까스
594,버켓크랩,일식/돈까스
595,싸다김밥-망원역점,일식/돈까스
596,전상국의30년물회,일식/돈까스
597,"연어,육회먹기좋은날",일식/돈까스
598,이자카야시키,일식/돈까스
599,혼밥남녀-마포직영점,일식/돈까스
600,노량진수산시장벌교아저씨,일식/돈까스
601,신야텐야-홍대상수역점,일식/돈까스
602,마케집-홍대점,일식/돈까스
603,육회예술새우감성,일식/돈까스
604,스쿨푸드-마포점,일식/돈까스
605,노량진수산시장순천만상회,일식/돈까스
606,신야텐야-합정교보문고점,일식/돈까스
607,안녕타코,일식/돈까스
608,보스참치-홍대점,일식/돈까스
609,시부야타코야키,일식/돈까스
610,이찌방라멘&카츠카레,일식/돈까스
611,오복수산시장-연남점,일식/돈까스
612,해신포차,일식/돈까스
613,소문난간이횟집,일식/돈까스
614,싱싱참치,일식/돈까스
615,무국적식탁-홍대점,일식/돈까스
616,백종원의역전우동&덮밥-홍대입구역점,일식/돈까스
617,수상한키친,일식/돈까스
618,어수선횟집&초밥,일식/돈까스
619,은행골-홍대상수점,일식/돈까스
620,스시히바리,일식/돈까스
621,원할머니보쌈-홍대역점,족발/보쌈
622,마왕족발-홍대점,족발/보쌈
623,족발야시장-서강대점,족발/보쌈
624,원할머니보쌈-홍대역점,족발/보쌈
625,미스터보쌈족발-망원점,족발/보쌈
626,구구족-망원점,족발/보쌈
627,족발야시장-서강대점,족발/보쌈
628,싸움의고수-신촌점,족발/보쌈
629,대족장,족발/보쌈
630,화정족발이야기본점,족발/보쌈
631,마왕족발-홍대점,족발/보쌈
632,베가보쌈-홍대점,족발/보쌈
633,신촌정직한족발,족발/보쌈
634,잭아저씨족발앤보쌈-홍대점,족발/보쌈
635,원할머니보쌈-홍대역점,족발/보쌈
636,맛있는2인일만족발-마포본점,족발/보쌈
637,망원꽃돼지-망원본점,족발/보쌈
638,만족오향족발-홍대역점,족발/보쌈
639,니케족발,족발/보쌈
640,미스터보쌈족발-망원점,족발/보쌈
641,장수한방족발-망원시장점,족발/보쌈
642,형제야식,족발/보쌈
643,한판-일인보쌈전문점,족발/보쌈
644,와인에빠진족발,족발/보쌈
645,행당족발-신촌점,족발/보쌈
646,소문만족,족발/보쌈
647,원할머니보쌈-망원점,족발/보쌈
648,장미로타리크럽,족발/보쌈
649,백정&황가네곱창,족발/보쌈
650,호세야오리바베큐-합정점,족발/보쌈
651,서경도락미미족,족발/보쌈
652,베가보쌈-명지대점,족발/보쌈
653,족발전문고려왕족발,족발/보쌈
654,족발천하-족발&보쌈전문점,족발/보쌈
655,공덕동장수족발,족발/보쌈
656,오목집-마포점,족발/보쌈
657,명장수제족발,족발/보쌈
658,이가네족발,족발/보쌈
659,왕가밀족발&순대국,족발/보쌈
660,누들보쌈배달만족-홍대점,족발/보쌈
661,배달만족-홍대점,족발/보쌈
662,궁중순대국&족발-공덕시장점,족발/보쌈
663,합정족발보쌈,족발/보쌈
664,마실면가,족발/보쌈
665,서대문족발-마포직영점,족발/보쌈
666,진미오향왕족발,족발/보쌈
667,봉평막국수-아현점,족발/보쌈
668,중동족발,족발/보쌈
669,따제마라탕,족발/보쌈
670,부산아지매국밥-마포공덕점,족발/보쌈
671,상수동블루스-상수점,족발/보쌈
672,연대포분점,족발/보쌈
673,하희씨부엌,족발/보쌈
674,봉평옹심이막국수,족발/보쌈
675,할매추어탕-본점,족발/보쌈
676,감자옹심이메밀칼국수,족발/보쌈
677,무침표홍어무침,족발/보쌈
678,옥탑방부엉이Owl'sRooftop,족발/보쌈
679,궁중족발-본점,족발/보쌈
680,더정원보쌈족발,족발/보쌈
681,스쿨푸드-마포점,분식
682,떡볶이도맛있는치킨플러스-서교점,분식
683,고돼지-신촌점,분식
684,동대문엽기떡볶이-상수역점,분식
685,할머니가래떡볶이-홍대점,분식
686,싸다김밥-망원역점,분식
687,신떡-신촌점,분식
688,두가지떡볶이-마포점,분식
689,동대문엽기떡볶이-마포공덕점,분식
690,스쿨푸드-마포점,분식
691,배떡-신촌점,분식
692,동대문엽기떡볶이-망원점,분식
693,고돼지-신촌점,분식
694,싸다김밥-신촌점,분식
695,옆집떡볶이-홍대1호점,분식
696,응급실국물떡볶이-서울서교점,분식
697,홍푸드&갈비찜&냉면,분식
698,크앙분식-마포직영점,분식
699,신전떡볶이-신촌점,분식
700,동대문엽기떡볶이-신촌점,분식
701,삭-상수본점,분식
702,유자유김치떡볶이-신촌점,분식
703,쏙만두-이대점,분식
704,청춘닭꼬치-서교점,분식
705,응급실국물떡볶이-서울광흥창역점,분식
706,순삭돈까스&떡볶이,분식
707,죠스떡볶이-아현역점,분식
708,할머니가래떡볶이-마포공덕점,분식
709,파스타입니다-마포점,분식
710,앙떡로제떡볶이-홍대점,분식
711,치킨에떡볶이는못참지로제떡볶이-마포본점,분식
712,동대문엽기떡볶이-아현점,분식
713,삼첩분식-서울홍대점,분식
714,혼밥남녀-마포직영점,분식
715,치킨을사랑한떡볶이-이대점,분식
716,베트남쌀국수미스사이공-신촌역점,분식
717,신참떡볶이-이대점,분식
718,더바스켓-대흥역점,분식
719,떡볶이도맛있는치킨플러스-서교점,분식
720,P씨네24시부엌-마포점,분식
721,북촌손만두-홍익대점,분식
722,엄마애밥상-본점,분식
723,한촌설렁탕&도가니탕-망원역점,분식
724,제니로제떡볶이-신촌점,분식
725,동교김밥,분식
726,한끼국밥-홍대점,분식
727,삭수제튀김전문점,분식
728,떡볶이도맛있는치킨플러스-성산점,분식
729,떡군이네떡볶이-홍대신촌점,분식
730,망원동즉석떡볶이-본점,분식
731,이대깻잎떡볶이,분식
732,델리인디아,분식
733,소고산제일루Express,분식
734,걸작떡볶이치킨-서울신촌점,분식
735,아차산매운떡볶이-마포세무서점,분식
736,백종원의역전우동&덮밥-홍대입구역점,분식
737,후레쉬-마포점,분식
738,마신떡볶이-신촌점,분식
739,봉구스밥버거-이대역점,분식
740,을찌로국물떡볶이-망원점,분식
